ID	GB_ACC	Gene_Desc	Gene_Sym	SPOT_ID	SEQUENCE	Control Embyronic Stem Cell Replicate 1	Control Embyronic Stem Cell Replicate 2	Triple-Fusion Transfected Embryonic Stem Cells Replicate 1
					phenotype0	!Sample_title = Control Embyronic Stem Cell Replicate 1	!Sample_title = Control Embyronic Stem Cell Replicate 2	!Sample_title = Triple-Fusion Transfected Embryonic Stem Cells Replicate 1
					phenotype1	!Sample_characteristics_ch1 = Cell line: ES-D3 (CRL-1934)	!Sample_characteristics_ch1 = Cell line: ES-D3 (CRL-1934)	!Sample_characteristics_ch1 = Cell line: ES-D3 (CRL-1934) transfected with pUb-fluc-mrfp-ttk triple fusion reporter gene
					phenotype2	!Sample_characteristics_ch1 = Passages: 4 	!Sample_characteristics_ch1 = Passages: 4	!Sample_characteristics_ch1 = Passages: 4 
					phenotype3	!Sample_characteristics_ch1 = Cell type: embryonic stem cells derived from blastocysts	!Sample_characteristics_ch1 = Cell type: embryonic stem cells derived from blastocysts	!Sample_characteristics_ch1 = Cell type: embryonic stem cells derived from blastocysts
					phenotype4	!Sample_characteristics_ch1 = Strain: 129Sv	!Sample_characteristics_ch1 = Strain: 129Sv	!Sample_characteristics_ch1 = Strain: 129Sv
					phenotype5	!Sample_characteristics_ch2 = Strain: C57BL/6	!Sample_characteristics_ch2 = Strain: C57BL/6	!Sample_characteristics_ch2 = Strain: C57BL/6
					phenotype6	!Sample_characteristics_ch2 = Age: E17.5 d	!Sample_characteristics_ch2 = Age: E17.5 d	!Sample_characteristics_ch2 = Age: E17.5 d
					phenotype7	!Sample_characteristics_ch2 = Tissue: whole embryo	!Sample_characteristics_ch2 = Tissue: whole embryo	!Sample_characteristics_ch2 = Tissue: whole embryo
1	U02079	nuclear factor of activated T-cells, cytoplasmic 2	Nfatc2		ACCTGGATGACGCAGCCACTTCAGAAAGCTGGGTTGGGACAGAAAGGTATATAGAGAGAAAATTTTGGAA	-1.6274758	-1.1697263	-0.7837546
2	NM_008154	G-protein coupled receptor 3	Gpr3		CTGTACAATGCTCTCACTTACTACTCAGAGACAACGGTAACTCGGACTTATGTGATGCTGGCCTTGGTGT	0.1412248	-0.1111353	0.3797837
3	AK015719	tropomodulin 2	Tmod2		CACCAGGCTCAGTGCCTAGTATCGGCTTCACCTAGTGTGGTTACTCAGGGCACGCAGAGCTACAGAACAC	0.1827684	0.1400597	0.2079269
4	AK003367	mitochondrial ribosomal protein L15	Mrpl15		CAAGAAGTCTAGAAATTCTGTGCAAGCCTATTCCATTCTTTCTGCGGGGACAACCAATTCCGAAAAGAAT	-0.3932267	-0.4820633	-0.4730291
5	BC003333	RIKEN cDNA 0610033I05 gene	0610033I05Rik		AGAACTGGGTGGCAGATATCCTAGAGTTTTGACCAACGTTCACAGCACACATATTGATCTTATAGGACCT	-0.9865994	-1.2116196	-0.9481128
6	NM_008462	killer cell lectin-like receptor, subfamily A, member 2	Klra2		TGAATTGAAGTTCCTTAAATCCCAACTTCAAAGAAACACATACTGGATTTCACTGACACATCATAAAAGC	0.0238812	-0.0230528	-0.0159867
7	NM_008029	FMS-like tyrosine kinase 4	Flt4		GAGGTGCTGTGGGATGACCGCCGGGGCATGCGGGTGCCCACTCAACTGTTGCGCGATGCCCTGTACCTGC	-1.4841822	-1.1380152	-0.819922
8	NM_054088	adiponutrin	Adpn		GTCTGAGTTCCATTCCAAAGACGAAGTCGTGGATGCCCTGGTGTGTTCCTGCTTCATTCCCCTCTTCTCT	-1.8261356	-1.834596	-0.1559774
9	NM_009750	nerve growth factor receptor (TNFRSF16) associated protein 1	Ngfrap1		TACAGCTGAGAAATTGTCTACGCATCCTTATGGGGGAGCTGTCTAACCACCACGATCACCATGATGAATT	-1.0344779	-0.9747637	0.145267
10	AB045323	DNA segment, Chr 8, ERATO Doi 594, expressed	D8Ertd594e		GATTCAGACTCGGGAGGAGCATCCCAACCTCTCCTTGAGGATAAAGGCCTGAGCGATTGCCCTGGGGAGC	0.2405891	0.3874005	0.3611211
11	AK005789	dynein, cytoplasmic, light chain 2B	Dncl2b		TGCAGAAGGCATTCCAATCCGAACAACCCTGGACAACTCCACAACGGTTCAGTATGCGGGTCTTCTCCAC	0.3209366	0.5340442	0.5092089
12	NM_010517	insulin-like growth factor binding protein 4	Igfbp4		GGAGAAGCTGGCGCGCTGCCGCCCCCCCGTGGGTTGCGAGGAGTTGGTGCGGGAGCCAGGCTGCGGTTGT	0.358304	0.3260696	0.3715387
13	AK010722	RIKEN cDNA 2410075D05 gene	2410075D05Rik		GGAGCATCTGGAGTTCCGCTTACCGGAAATAAAGTCTTTACTATCGGTGATTGGAGGGCAGTTCACTAAC	-0.0122072	0.3010618	0.1734934
14	AK003755	DNA segment, Chr 4, ERATO Doi 421, expressed	D4Ertd421e		AGCAAAGAGATCTCCCTCAGTGTGCCCATAGGTGGCGGTGCGAGCTTGCGGTTATTGGCCAGTGACTTGC	-1.5480396	-1.0760413	-0.9340707
15	BC003241	cleavage stimulation factor, 3' pre-RNA, subunit 3	Cstf3		AAATTAGAAGAAAATCCATATGACCTTGATGCTTGGAGCATTCTCATTCGAGAGGCACAGAATCAACCTA	0.0073419	-0.1167371	-0.2956317
16	AK004937	RIKEN cDNA 1300007O09 gene	1300007O09Rik		CAGACACAAACCCTAGGTTGTATTGTAGACCGGAGTTTAAGCAGGCACTACCTGTCTGTCTTTTCTTCAT	-0.2267015	-0.1936322	-0.2321102
17	AK004524	unnamed protein product; hypothetical SOCS domain			CGGAGCCCTGCGCGCCCAGAGCCCCCTCCCACCCGCTTCCACCAAGTGCATGGAGCCAACATCCGCATGG	-0.1484023	-0.3275898	-0.1603561
18	NM_025999	RIKEN cDNA 2610110L04 gene	2610110L04Rik		TGCATTGATAAATGGAGTGATCGACACAGGAACTGCCCCATTTGTCGCCTACAGATGACTGGAGCAAATG	-0.6122195	-0.4805853	-0.5063897
19				-- CONTROL		0.0796905	0.1109524	0.1990761
20	NM_023120	guanine nucleotide binding protein (G protein), beta polypeptide 1-like	Gnb1l		ACCGCCTGGTCCCAGATTTGTCCTCCGAGGCACACAGTCGGCTGTGAACACGCTCCATTTCTGCCCACCA	-0.084895	0.1677912	0.2985912
